{"cameraMode":{"drawMode":0,"name":"Shaded","section":"Shading Mode"},"sceneLighting":false,"audioPlay":false,"sceneViewState":{"m_AlwaysRefresh":false,"showFog":true,"showSkybox":false,"showFlares":true,"showImageEffects":true,"showParticleSystems":true,"showVisualEffectGraphs":true,"m_FxEnabled":true},"in2DMode":false,"pivot":{"x":-22.15161895751953,"y":1.3982532024383546,"z":0.9474730491638184},"rotation":{"x":-0.23325616121292115,"y":0.11085905879735947,"z":-0.026778237894177438,"w":-0.9657058119773865},"size":2.984884023666382,"orthographic":false}