{"cameraMode":{"drawMode":0,"name":"Shaded","section":"Shading Mode"},"sceneLighting":false,"audioPlay":false,"sceneViewState":{"m_AlwaysRefresh":false,"showFog":true,"showSkybox":false,"showFlares":true,"showImageEffects":true,"showParticleSystems":true,"showVisualEffectGraphs":true,"m_FxEnabled":true},"in2DMode":false,"pivot":{"x":-15.267552375793457,"y":8.868858337402344,"z":-2.867486000061035},"rotation":{"x":-0.11074895411729813,"y":-0.020575404167175294,"z":0.0022919741459190847,"w":-0.9936343431472778},"size":2.110368251800537,"orthographic":false}